<?xml version="1.0" encoding="UTF-8"?>
<project-private xmlns="http://www.netbeans.org/ns/project-private/1">
    <editor-bookmarks xmlns="http://www.netbeans.org/ns/editor-bookmarks/2" lastBookmarkId="0"/>
    <open-files xmlns="http://www.netbeans.org/ns/projectui-open-files/2">
        <group>
            <file>file:/D:/GoogleDrive/Work/PersonalProject/LearnByProject/JDBC/Resources/project-template2/DeviceStore/src/net/learnbyproject/MainProgram.java</file>
            <file>file:/D:/GoogleDrive/Work/PersonalProject/LearnByProject/JDBC/Resources/project-template2/DeviceStore/src/net/learnbyproject/service/DBService.java</file>
            <file>file:/D:/GoogleDrive/Work/PersonalProject/LearnByProject/JDBC/Resources/project-template2/DeviceStore/src/net/learnbyproject/SearchOption.java</file>
            <file>file:/D:/GoogleDrive/Work/PersonalProject/LearnByProject/JDBC/Resources/project-template2/DeviceStore/src/net/learnbyproject/dto/Device.java</file>
            <file>file:/D:/GoogleDrive/Work/PersonalProject/LearnByProject/JDBC/Resources/project-template2/DeviceStore/src/net/learnbyproject/service/DeviceService.java</file>
            <file>file:/D:/GoogleDrive/Work/PersonalProject/LearnByProject/JDBC/Resources/project-template2/DeviceStore/src/net/learnbyproject/service/SupplierService.java</file>
            <file>file:/D:/GoogleDrive/Work/PersonalProject/LearnByProject/JDBC/Resources/project-template2/DeviceStore/src/net/learnbyproject/dto/Supplier.java</file>
        </group>
    </open-files>
</project-private>
